<!--
  ~ Copyright 2017, Okta, Inc.
  ~
  ~ Licensed under the Apache License, Version 2.0 (the "License");
  ~ you may not use this file except in compliance with the License.
  ~ You may obtain a copy of the License at
  ~
  ~     http://www.apache.org/licenses/LICENSE-2.0
  ~
  ~ Unless required by applicable law or agreed to in writing, software
  ~ distributed under the License is distributed on an "AS IS" BASIS,
  ~ WITHOUT WARRANTIES OR CONDITIONS OF ANY KIND, either express or implied.
  ~ See the License for the specific language governing permissions and
  ~ limitations under the License.
  -->
<FindBugsFilter>

    <Match>
        <Class name="com.okta.spring.oauth.code.mvc.LoginController" />
        <Bug pattern="SPRING_ENDPOINT" />
    </Match>

    <!-- allow for examples -->
    <Match>
        <Pakage name="com.okta.spring.example.controllers" />
        <Bug pattern="URF_UNREAD_PUBLIC_OR_PROTECTED_FIELD" />
    </Match>
    <Match>
        <Package name="com.okta.spring.example" />
        <Bug pattern="SIC_INNER_SHOULD_BE_STATIC_ANON" />
    </Match>
    <Match>
        <Package name="com.okta.spring.example.controllers" />
        <Bug pattern="SPRING_ENDPOINT" />
    </Match>
    <!-- Allow for any endpoints for tests -->
    <Match>
        <Package name="~com\.okta\.spring\.tests\.oauth2.*"/>
        <Bug pattern="SPRING_ENDPOINT" />
    </Match>
    <!-- Findbugs does NOT like how we are compiling groovy -->
    <Match>
        <Package name="~com\.okta\.test\.mock.*" />
    </Match>


</FindBugsFilter>