<?xml version="1.0" encoding="UTF-8"?>
<!--
  ~ Licensed to the Apache Software Foundation (ASF) under one
  ~ or more contributor license agreements.  See the NOTICE file
  ~ distributed with this work for additional information
  ~ regarding copyright ownership.  The ASF licenses this file
  ~ to you under the Apache License, Version 2.0 (the
  ~ "License"); you may not use this file except in compliance
  ~ with the License.  You may obtain a copy of the License at
  ~
  ~     http://www.apache.org/licenses/LICENSE-2.0
  ~
  ~ Unless required by applicable law or agreed to in writing,
  ~ software distributed under the License is distributed on an
  ~ "AS IS" BASIS, WITHOUT WARRANTIES OR CONDITIONS OF ANY
  ~ KIND, either express or implied.  See the License for the
  ~ specific language governing permissions and limitations
  ~ under the License.
  -->
<suppressions xmlns="https://jeremylong.github.io/DependencyCheck/dependency-suppression.1.1.xsd">

    <!-- this comes from this repo, and it is java not ruby, so... false positive -->
    <suppress>
       <notes><![CDATA[ file name: okta-sdk-httpclient-*.jar ]]></notes>
       <gav regex="true">^com\.okta\.sdk:okta-sdk-httpclient:.*$</gav>
       <cpe>cpe:/a:rest-client_project:rest-client</cpe>
    </suppress>

    <!-- wrong GAV, this CVE was against Apache Directory, not groovy  -->
    <suppress>
       <notes><![CDATA[file name: groovy-xml-*.jar]]></notes>
       <gav regex="true">^org\.codehaus\.groovy:groovy-xml:.*$</gav>
       <cve>CVE-2016-6497</cve>
    </suppress>

    <!-- tomcat linux dist issue, NOT this GAV, and not the annotations lib -->
    <suppress>
       <notes><![CDATA[file name: tomcat-annotations-api-8.5.29.jar]]></notes>
       <gav regex="true">^org\.apache\.tomcat:tomcat-annotations-api:.*$</gav>
       <cve>CVE-2016-5425</cve>
    </suppress>
    <suppress>
       <notes><![CDATA[file name: tomcat-annotations-api-8.5.29.jar]]></notes>
       <gav regex="true">^org\.apache\.tomcat:tomcat-annotations-api:.*$</gav>
       <cve>CVE-2016-6325</cve>
    </suppress>
    <suppress>
       <notes><![CDATA[file name: tomcat-annotations-api-8.5.29.jar]]></notes>
       <gav regex="true">^org\.apache\.tomcat:tomcat-annotations-api:.*$</gav>
       <cve>CVE-2017-6056</cve>
    </suppress>

    <!-- wrong GAV for this CVE, it should be spring-security-oauth2 -->
    <suppress>
        <notes><![CDATA[file name: spring-security-oauth2-autoconfigure-2.0.1.RELEASE.jar]]></notes>
        <gav regex="true">^org\.springframework\.security\.oauth\.boot:spring-security-oauth2-autoconfigure:.*$</gav>
       <cve>CVE-2016-4977</cve>
    </suppress>
    <suppress>
       <notes><![CDATA[file name: spring-security-oauth2-autoconfigure-2.0.1.RELEASE.jar]]></notes>
       <gav regex="true">^org\.springframework\.security\.oauth\.boot:spring-security-oauth2-autoconfigure:.*$</gav>
       <cve>CVE-2018-1260</cve>
    </suppress>

    <!-- wrong GAV for this CVE, it should be spring-data-commons-->
    <suppress>
       <notes><![CDATA[file name: spring-boot-starter-data-rest-1.5.14.RELEASE.jar]]></notes>
       <gav regex="true">^org\.springframework\.boot:spring-boot-starter-data-rest:.*$</gav>
       <cve>CVE-2018-1273</cve>
    </suppress>

</suppressions>